id,text
1c,"I believe that under certain circumstances people have powers of clairvoyance, an understudied psychic phenomenon.  Specifically, my collaborators and I are interested in the possibility that the emotional content of an interaction can “leak” into the emotions of a person sitting nearby, even if this interaction is completely out of earshot.  We refer to this phenomenon as “remote emotional contagion.”  Paranormal psychology is of course a divisive topic, with many results in the literature not widely accepted in the scientific community.  We feel it is therefore paramount that any test of this phenomenon adheres to the most rigorous standards of good scientific practice.

We began our research with a series of pilot studies where participants sat in a room with an experimenter while events were enacted in a different room.  In these studies, the conversation in the other room contained either highly valenced emotional information (this could be negative or positive: for example a heated argument about politics in one study; sharing a romantic moment in another) or a control condition involving a conversation with very neutral emotional content (e.g. a discussion of the weather).  While these events were being enacted out of their earshot, we asked people to rate their own emotional state using validated emotional temperature charts.  The question was whether the emotions from the out-of-earshot interaction would “leak” into the emotions of the participants.  Participants also completed a series of personality questionnaires, so that we could examine potential moderators.

It should be noted (and will be in any publication) that these initial studies were exploratory.  For example, we did not have strong a priori predictions about which kinds of emotional content would be more prone to “leak” into the emotions of our participants, nor of which personality traits would be moderators.  For this reason, even in these pilot studies, we were careful to use Bonferroni corrections to control for multiple comparisons.  We will acknowledge the exploratory nature of this work and report statistics with corrections for multiple comparisons in our eventual write-up.

That said, while these pilots were exploratory, they yielded some very interesting results.  Over a few studies, we noticed the following patterns of results.  First, negatively charged content from out-of-earshot conversations appeared to leak into the emotional states of our participants, but positively charged content seemingly did not (or did so less).  Our (post-hoc) hypothesis is that this may be related to the negativity biases so often observed in human psychology.  Second, we noticed that trait-level Emotional stability seemed to moderate our effects.  Across our pilot studies, we generally saw statistically (and practically) significant “remote emotional contagion” for participants who were lower in emotional stability, so long as the emotional content of the out-of-earshot conversations was negative. (These effects retained significance when correcting for multiple comparisons.)  We did not see this negative-emotional leakage effect for people high in emotional stability.  Furthermore, effects were inconsistent and generally small and statistically insignificant (albeit sometimes trending) when the out-of-earshot conversations were emotionally positive.
 Recognizing that our effects were both surprising and exploratory, and that they would be contentious, we made efforts to create a highly rigorous test in our main protocol.  Now that we had a firmer hypothesis based on exploratory pilots, we began designing our protocol.  Before running it, we requested feedback from several different outside commentators: One was a prominent advocate of Open Science practices, and a second an outspoken critic of research on paranormal psychology.  We were fortunate enough to achieve an open and constructive dialogue with both of these fine scientists.  The advocate of Open Science helped us tremendously in the complicated process of pre-registering our experiments, and the critic of paranormal psychology had several constructive comments that helped us tighten up our research methods.

We ultimately decided on a set of 12 pre-registered experiments following the general methodology of our pilots.  In 6 of these, we studied remote contagion of negative emotions and in the other 6, of positive emotions.  We conducted careful power analyses to decide our sample sizes, and we ended up making the samples quite large, in the hopes that we could detect even a small effect (if it existed) in the “positive emotion” studies.  This way we could conclude more definitively whether our effects truly are limited only to the leakage of negative emotions.  The large samples also allowed us to more rigorously test the role of emotional stability as a moderator.  These two moderators (positive vs. negative emotional content; emotional stability of participants) were both among our pre-registered hypotheses.  We did continue to collect additional personality traits but have made it clear up front that these were purely for exploratory purposes and that any results found using them should be treated as speculative.

For our studies, we were able to find several locations that were tightly controlled: While the interactions were within a few hundred feet, the room where the subjects were situated was heavily soundproofed and manipulation checks confirmed that they had no conscious awareness of the interactions taking place in another room.  We used a double-blind procedure, where the experimenter in the room with the subject did not know which condition (nor which type of interaction) was being tested.  Study 1 involved either a heated discussion about politics (negative emotional content) or (as a control) a highly neutral conversation about the weather.  Study 2 involved a tender romantic moment (positive emotional content) vs. a highly neutral conversation.  Studies 3 and 4 were direct replications of Studies 1 and 2, undertaken in a different (but equally soundproofed) location.  Study 5 involved an angry argument about finances (again vs. an emotionally neutral conversation, also however about money).  Study 6 involved a happy discussion of a financial windfall vs. a similarly neutral control conversation.  Studies 7-8 were again direct replications of the previous two, undertaken in a different location.  One concern brought up in our pre-study critical conversations was of ecological validity, because the conversations in studies 1-8 were staged.  In study 9, we invited (with proper consent procedures) people on opposite sides of the political spectrum to sit in a room together, and then gave them a list of divisive topics they should discuss.  As expected, these conversations generally became emotionally heated, and we were able to test for remote emotional contagion in participants sitting out of earshot.  In study 10, the people in the conversation were expecting to be paid $10 for their participation but were informed as they entered the room that they would actually receive $50, creating an ecologically valid positive condition: the people in the room inevitably discussed a real financial windfall, while other participants (out of earshot) rated their own emotions.  Studies 11 and 12 were again direct replications of the previous 2 studies, undertaken in a different location.

Out results were rather striking.  Our hypotheses were generally confirmed across studies: Negative emotions from out-of-earshot conversations appeared to leak into the emotional states of our low-emotional stability participants.  Effect sizes were large and highly significant in 5 of the 6 studies.  This effect was generally not observed for high-emotional stability participants, nor in the positive emotion studies.  The one study where we didn’t see our predicted effect was study 7.  In this experiment, we did, in fact, see a trend in the direction we predicted, but the effect size was somewhat smaller than in other studies and did not reach statistical significance (p = .08), with the tail of the 95% confidence interval suggesting a potential null result.  Accordingly, we decided to run a further pre-registered replication of this study with even higher power (study 13), and were delighted to find that we once again saw the predicted effect: negative emotions from out-of-earshot conversations leaked into the emotions of our low emotional stability participants.
 One interesting thing we noticed in these higher-powered studies was that there was some evidence of emotional leakage from positive conversations, specifically for participants high in emotional stability.  These effects were not as consistent as our other effects: Effect sizes were smaller, and only reached statistical significance in 4 of the 6 studies.  Moreover, these effects were not predicted in advance and so should be interpreted with significant caution.  Nevertheless, we think this offers a very interesting area for further research.  We also noticed an additional potential moderator (openness to experience).  People higher in openness experience descriptively experienced greater remote emotional contagion in both the negative and positive studies.  However, these effects did not always retain significance after a Bonferroni correction.  Considering this (and also considering that the results were not theoretically predicted), we will mention this in our paper as an avenue for future research but feel compelled to note that the results should be considered highly speculative.

Before publishing this work, we asked various researchers for feedback on our draft.  One colleague suggested that given the extremely surprising nature of our findings, we might be suspected by some of data manipulation.  In order to address this concern – and to further replicate our findings – we approached two researchers who were outspoken skeptics of this kind of research, and arranged to have each of them conduct pre-registered replications of studies 11 and 12.  Studies 14 to 17 thus represented direct replication studies undertaken by independent research groups with no vested interest in seeing our results replicate.  Work from both groups fully replicated our findings.  

Since we have a relatively large number of studies, as part of our write-up we have invited an outside statistician to conduct a rigorous meta-analysis of all the results.  We have reached out to other researchers to try to discover whether any similar studies have been run by others, and in particular whether there are any null results that may not have been published but which should be included in the meta-analysis.

We are excited by our results and hope to publish them in a top journal.  Nevertheless, we are aware of the surprising and potentially contentious nature of our results.  We have posted our paper to a preprint server, inviting pre-publication review from the field.  We have also made all of our data, methods and stimuli publicly available and are calling for other research groups to replicate our results.  If other groups can replicate and extend our findings, we believe we will have opened up a powerful and fascinating new area of psychological inquiry."
2c,"I am very interested in what I’m calling “atmospheric cognition,” where very subtle qualities of the space you’re in – even ones perhaps below conscious awareness – can have significant impact on one’s mental states and behaviors.  My collaborators and I have piloted a few versions of this, with some initially mixed effects.  For example, we varied the temperature of a room to see if people would become friendlier (i.e. “socially warm”).  In our first version of the study, we failed to isolate the kind of effect we wanted.  We initially warmed a room from 72 degrees to 79 degrees, but our participants showed up in light sweaters on a fall day and left the room uncomfortable and sweating!  In retrospect, this was a silly mistake.  Nevertheless, these kinds of mistakes are part of the scientific process.  In our final write-up on the paper, we will of course mention this initial failure, describing it in more detail in our supplemental materials.  In the meantime, we’ve written a blog about it, to help researchers by drawing attention to the difficulty and subtlety of conducting this kind of research.

It now seems obvious (and useful) that if we’re varying temperature for this purpose, we need to know whether the variation is within a range where people will be comfortable.  We isolated such a range in a further pilot study: It turns out that 69 to 72 degrees is the range in which over 95% of people dressed for the fall felt reasonably comfortable.  And therefore, we could now explore what we wished to look for – subtle effects of physical warmth on social warmth – within this range.  We have created an open wiki to share results of this sort, to help future researchers identify environmental manipulations that are appropriate and effective.

Our first failure notwithstanding, we decided to make the effect of warmth on “social warmth” the first area of “atmospheric cognition” we explored fully.  We started with the intuition that differences in actual temperature might be related to differences in “social temperature”, but we did not have strong predictions about exactly how this would play out.  Therefore, we began with a series of studies that were (and will in our paper be framed as) exploratory. Once we had established a comfortable temperature range, we brought participants into the lab and varied the temperature between different groups of two subjects (a between-subjects design).  We then simply left pairs of them in the room together and recorded their conversations.  In a second version, there were two rooms – a waiting room, and an experiment room – where we varied the temperature (within-subjects).  Later, we had blind coders examine the conversations, noting the number of times people smiled and the number of positive words exchanged.  What happened was not exactly what we expected.  Dyads of participants were NOT more or less friendly in the between-subjects version (where the temperature varied between pairs of participants).  However, a small change in temperature between the rooms – the temperature getting warmer – correlated with friendlier social interaction.  This pattern – no effect in the between-subjects version, but an effect in the within-subjects version – was an exploratory and post-hoc finding, though it was satisfying to note that the effects retained statistical significance after corrections for multiple comparisons between our studies.

These exploratory results gave us the direction for our first larger and more formal study of atmospheric cognition.  This study was pre-registered at the Center for Open Science.   In study 1, we again studied dyads of interacting subjects.  We decided on a large sample (here and elsewhere) using power analysis.  These participants were run through the study by experimenters who were blinded to the actual nature of our work.  The experimenters believed they were running a set of marketing surveys but were handling several rooms at once and were asked to adhere to a clock – apologetically leaving the dyads of participants in two different rooms for several minutes at a time while they managed a second set of surveys down the hall.  In actuality, the interaction of the dyads in the rooms was the focus of our interest.  Each pair of participants spent ~5-7 minutes in a first waiting room, and then another 5-7 minutes in a second room while they waited to receive their survey.  The crucial manipulation was as follows: At random for some dyads, the two rooms did or did not differ in temperature.  For some dyads, both rooms were 69 degrees (control 1).  For others, both rooms were 72 degrees (control 2).  For a third group of participants, the first room was 69 degrees and the second room 72.  And for the fourth group, the first room was 72 degrees and the second 69.  Our pre-registered prediction was that when the two rooms were the same temperature, there would be no change in the friendliness of the interaction.  But, when the temperature was slightly higher in the second room, we predicted the dyad would become more friendly; When the temperature was slightly lower in the second room, we predicted they would become less friendly.  We predicted that the two control conditions would not vary in friendliness.

The results confirmed our predictions: Those pairs of participants who experienced a small increase in temperature became friendlier, as measured by blind coders examining facial expressions, the number of words exchanged, and the proportion of words that were positively-valenced.  The reverse also occurred: Those who moved from a warmer room to a slightly colder room subsequently became less friendly.  To provide convergent evidence about the subjective experience of this social warmth and coldness, we also had participants answer a set of pre-validated items measuring their feelings of warmth towards the other participants using feeling thermometers.  Participants’ subjective ratings of the warmth they felt towards their partners showed a pattern that converged with their coded interactions: The highest ratings were given by those who had moved from a colder to a warmer room, and the lowest by those who moved from a warmer to a colder room.  For those who did not experience a temperature change, ratings sat in the center and did not differ significantly by control condition.  For groups that stayed at the same temperature, there was also no difference in other measures.

Work on topics like embodied cognition has proven difficult to replicate, and thus we felt we required a higher standard of rigor than typical in these studies.  Before moving on to the next study, we did several things.  First, we found a second research group and invited them to collaborate.  We began by having them re-analyze our experiment 1 data.  We wanted to ensure all results were aligned between the two sets of analyses, which they were.  Next, the second research group conducted a second high-powered and pre-registered study directly replicating the first.  The results from Study 2 replicated those of Study 1.  This time, the second lab conducted the analysis first and our group re-analyzed the data to ensure consistency.

Study 3 was a conceptual replication of studies 1 and 2.  In this pre-registered study, participants – believing they were involved in a study of a new social network – were invited to explore internet chat rooms and converse with people in any way they wished.  The person running the study was not aware of our predictions, and left the room prior to the experimental manipulation so was blinded to conditions.  The manipulation was as follows: At random, some of the people experienced a change in temperature over the course of the experiment.  For some, the temperature moved from 69 to 72 degrees.  For others, the temperature moved from 72 to 69 degrees.  For our two control groups, the temperatures remained constant at either 69 or 72 degrees.  We also set a further condition in this study, designed to test the boundaries of our effect and demonstrate (as we explained in our pre-registration) the effect’s delicateness.  In group 5, the temperature was raised from 72 to 79 degrees.  Our prediction was that raising the temperature this much would not lead to greater social warmth because this was outside of the comfortable temperature zone.  Participants’ interactions on the social media site were recorded.  We asked a third lab – skeptics who had published work criticizing embodied cognition studies – to blind code the data from study 3, gauging both the overall amount of virtual social interaction participants displayed and the positiveness of this interaction as measured in the proportion of words that were positive.  The data were then analyzed separately by the two collaborating research groups.  Results fully confirmed our main predictions: When the temperature was raised from 69 to 72 degrees, participants interacted the most and the most positively in chat rooms.  When the temperature dropped from 72 to 69 degrees, participants interacted less and displayed less positivity.  In the conditions where the temperature was constant, interaction and positivity sat and the middle, differing significantly from our experimental conditions but not each other.

In study 3, an interesting effect arose which we did not predict in advance.  We were correct that raising the temperature to 79 degrees would not lead to more social “warmth”, but were surprised to notice post-hoc that it seemed to lead to a different kind of interaction altogether: Participants were more likely to display anger in their interactions, almost as if they were experiencing what we might call “social hotness.”  It is important to note – and will be in our paper – that this effect was not predicted in advance.  Moreover, our post-hoc decision to code a further emotion led to a multiple comparison problem.  We therefore used a Bonferroni correction to adjust for this.  Even with this correction, we noticed a statistically significant “social hotness” effect from raising the temperature to a level outside of participants’ comfort zone.  This result should however be treated with caution since this was not a pre-registered hypothesis.

Study 4 was a pre-registered and very high-powered direct replication of Study 3, this time with the “social hotness” effect predicted in advance. This study was run in a different location by a different lab and again analyzed in duplicate.  The results from Study 4 fully replicated those of Study 3, providing more evidence for our social warmth hypothesis, and the first strong and pre-registered evidence for our social hotness effect.

Prior to publishing these results, we are doing a few things.  First, we have brought in a statistical consultant who has been asked to conduct an adversarial review of our analysis, and specifically to uncover any issues in our analysis that could lead to errors or replicability issues.  Second, we have invited preprint review of our research.  In particular, we have requested review from members of a research group that has been highly critical of work around priming and embodied cognition.  If there are any holes to be poked in our research, this group will find them, giving us an opportunity to fill them in with further research prior to publication.

Additionally, we are in the process of planning a further set of pre-registered studies on our “social warmth” and “social hotness” effects, to again conceptually replicate our results.  We believe this level of replication is critical, particularly in the sort of research we do, where effects can be rather subtle and occasionally difficult to reproduce.  In particular, accurately tracking the boundary conditions of our effects will be essential to this research’s practical value.

In the future we will work on further studies around other kinds of “atmospheric” cognition.  For example, when we put people in rooms where conditions (e.g. trains going by) lead the room to vibrate, will feeling physically “shaken” lead people to also subsequently feel psychologically “shaken”?  Or, if we change the speed of moving objects in a room (e.g. the hands of clocks, or the cycling screen savers on computers), will people subsequently complete tasks more quickly?  We are piloting these areas, with some mixed results as we find the right stimuli.  However, we believe this pilot research – while less consistent – is of great use to the field.  We are planning to submit some of our failures to a journal specializing in null results.  In the meantime, we are transparently tracking all results in our wiki.  Eventually, we will conduct large pre-registered experiments on these topics, as we did for “social warmth”.

In general, we feel that “atmospheric cognition” is a potent new area of exploration.  We have only just scratched the surface, and already we believe our work has practical implications.  Consider, for example, the possible benefits of simply raising the temperature in a room a few degrees.  Might doing this help employees of a company become more collaborative, or help shy children make more friends?  However, these are things that must be carefully tested.  In our blogs, we are calling for our colleagues in related research fields to embrace Open Science and join us in demonstrating the effects of atmospheric cognition – both its power and its boundaries – in the most rigorous possible manner."
